{
  "resourceType": "Bundle",
  "fhir_comments": [
    "Generated using MDMI 2.5.0-SNAPSHOT  2021-07-14 16:34",
    "Source Group : CDAR2",
    "Source Message : ContinuityOfCareDocument",
    "Source Version : 2021-07-27 12:26:05.351",
    "Target Group : CCDAonFHIRJSON",
    "Target Message : CompositionBundle",
    "Target Version : 2021-07-28 09:10:06.486"
  ],
  "type": "document",
  "entry": [
    {
      "resource": {
        "resourceType": "Composition",
        "language": "en-US",
        "extension": [
          {
            "url": "http://hl7.org/fhir/us/ccda/StructureDefinition/DataEntererExtension",
            "valueReference": {
              "reference": "Practitioner/2.16.840.1.113883.4.6::333777777",
              "display": " Ellen Enter"
            }
          },
          {
            "url": "http://hl7.org/fhir/us/ccda/StructureDefinition/InformantExtension",
            "valueReference": {
              "reference": "Practitioner/2.16.840.1.113883.4.6::888888888",
              "display": " Harold Hippocrates"
            }
          },
          {
            "url": "http://hl7.org/fhir/us/ccda/StructureDefinition/InformantExtension",
            "valueReference": {
              "reference": "Practitioner/2.16.840.1.113883.4.6::222223333",
              "display": " Ramsey Reaction"
            }
          },
          {
            "url": "http://hl7.org/fhir/us/ccda/StructureDefinition/InformantExtension",
            "valueReference": {
              "reference": "Practitioner/2.16.840.1.113883.4.6::333444444",
              "display": " William Bill Beaker"
            }
          },
          {
            "url": "http://hl7.org/fhir/us/ccda/StructureDefinition/InformantExtension",
            "valueReference": {
              "reference": "Practitioner/2.16.840.1.113883.4.6::333222222",
              "display": " Susan Script"
            }
          },
          {
            "url": "http://hl7.org/fhir/us/ccda/StructureDefinition/InformantExtension",
            "valueReference": {
              "reference": "Practitioner/2.16.840.1.113883.4.6::222334444",
              "display": " Patrick Pump"
            }
          },
          {
            "url": "http://hl7.org/fhir/us/ccda/StructureDefinition/InformantExtension",
            "valueReference": {
              "display": " Boris Bo Betterhalf"
            }
          }
        ],
        "identifier": {
          "system": "urn:oid:2.16.840.1.113883.19.5.99999.1",
          "value": "TT988"
        },
        "type": {
          "coding": [
            {
              "system": "urn:oid:2.16.840.1.113883.6.1",
              "code": "34133-9",
              "display": "Summarization of Episode Note"
            }
          ],
          "text": "Summarization of Episode Note"
        },
        "date": "2013-08-15T10:30-08:00",
        "title": "Patient Chart Summary",
        "confidentiality": "N",
        "attester": [
          {
            "mode": "legal",
            "party": {
              "reference": "Practitioner/2.16.840.1.113883.4.6::5555555555",
              "display": " Patricia Patty Primary M.D."
            }
          },
          {
            "mode": "professional",
            "party": {
              "reference": "Practitioner/2.16.840.1.113883.4.6::5555555555",
              "display": " Patricia Patty Primary M.D."
            }
          }
        ],
        "custodian": {
          "reference": "Organization/2.16.840.1.113883.4.6::321CX",
          "display": "Good Health HIE"
        },
        "section": [
          {
            "title": "ALLERGIES AND ADVERSE REACTIONS",
            "code": {
              "coding": [
                {
                  "system": "urn:oid:2.16.840.1.113883.6.1",
                  "code": "48765-2"
                }
              ]
            },
            "entry": [
              {
                "reference": "AllergyIntolerance/36e3e930-7b14-11db-9fe1-0800200c9a66-test"
              },
              {
                "reference": "AllergyIntolerance/4adc1020-7b14-11db-9fe1-0800200c9a66test"
              },
              {
                "reference": "AllergyIntolerance/b03805bd-2eb6-4ab8-a9ff-473c6653971a"
              },
              {
                "reference": "AllergyIntolerance/901db0f8-9355-4794-81cd-fd951ef07917"
              }
            ]
          },
          {
            "title": "Encounters Section",
            "code": {
              "coding": [
                {
                  "system": "urn:oid:2.16.840.1.113883.6.1",
                  "code": "46240-8",
                  "display": "History of encounters"
                }
              ],
              "text": "History of encounters"
            }
          },
          {
            "title": "Immunizations Section",
            "code": {
              "coding": [
                {
                  "system": "urn:oid:2.16.840.1.113883.6.1",
                  "code": "11369-6",
                  "display": "History of immunizations"
                }
              ],
              "text": "History of immunizations"
            },
            "entry": [
              {
                "reference": "Immunization/e6f1ba43-c0ed-4b9b-9f12-f435d8ad8f92"
              },
              {
                "reference": "Immunization/e6f1ba43-c0ed-4b9b-9f12-f435d8ad8f92"
              },
              {
                "reference": "Immunization/e6f1ba43-c0ed-4b9b-9f12-f435d8ad8f92"
              },
              {
                "reference": "Immunization/e6f1ba43-c0ed-4b9b-9f12-f435d8ad8f92"
              },
              {
                "reference": "Immunization/de10790f-1496-4719-8fe6-f1b87b6219f7"
              }
            ]
          },
          {
            "title": "PROBLEMS",
            "code": {
              "coding": [
                {
                  "system": "urn:oid:2.16.840.1.113883.6.1",
                  "code": "11450-4",
                  "display": "PROBLEM LIST"
                }
              ],
              "text": "PROBLEM LIST"
            }
          },
          {
            "title": "PROCEDURES",
            "code": {
              "coding": [
                {
                  "system": "urn:oid:2.16.840.1.113883.6.1",
                  "code": "47519-4",
                  "display": "HISTORY OF PROCEDURES"
                }
              ],
              "text": "HISTORY OF PROCEDURES"
            }
          }
        ]
      }
    },
    {
      "resource": {
        "resourceType": "Patient",
        "extension": [
          {
            "url": "http://hl7.org/fhir/us/core/StructureDefinition/us-core-race",
            "extension": [
              {
                "url": "ombCategory",
                "valueCoding": {
                  "system": "urn:oid:2.16.840.1.113883.6.238",
                  "code": "2076-8",
                  "display": "Hawaiian or Other Pacific Islander"
                }
              }
            ]
          },
          {
            "url": "http://hl7.org/fhir/us/core/StructureDefinition/us-core-ethnicity",
            "extension": [
              {
                "url": "ombCategory",
                "valueCoding": {
                  "system": "urn:oid:2.16.840.1.113883.6.238",
                  "code": "2186-5",
                  "display": "Not Hispanic or Latino"
                }
              }
            ]
          }
        ],
        "identifier": [
          {
            "system": "urn:oid:2.16.840.1.113883.4.1",
            "value": "444222222"
          }
        ],
        "name": [
          {
            "use": "official",
            "family": "Betterhalf",
            "given": [
              "Eve"
            ]
          }
        ],
        "telecom": [
          {
            "system": "phone",
            "value": "+1(555)555-2003",
            "use": "home"
          },
          {
            "system": "email",
            "value": "DrP@direct.sampleHISP2.com",
            "use": "work"
          }
        ],
        "gender": "female",
        "birthDate": "1975-05-01",
        "address": [
          {
            "use": "home",
            "line": [
              "2222 Home Street"
            ],
            "city": "Beaverton",
            "state": "OR",
            "postalCode": "97867",
            "country": "US"
          }
        ],
        "maritalStatus": {
          "coding": [
            {
              "system": "http://terminology.hl7.org/CodeSystem/v3-MaritalStatus",
              "code": "M",
              "display": "Married"
            }
          ],
          "text": "Married"
        },
        "communication": [
          {
            "language": {
              "coding": [
                {
                  "code": "en"
                }
              ]
            },
            "preferred": true
          }
        ],
        "managingOrganization": {
          "reference": "Organization/2.16.840.1.113883.4.6::219BX"
        }
      }
    },
    {
      "resource": {
        "resourceType": "AllergyIntolerance",
        "identifier": [
          {
            "system": "36e3e930-7b14-11db-9fe1-0800200c9a66-test",
            "value": "36e3e930-7b14-11db-9fe1-0800200c9a66-test"
          },
          {
            "system": "4adc1020-7b14-11db-9fe1-0800200c9a66test",
            "value": "4adc1020-7b14-11db-9fe1-0800200c9a66test"
          }
        ],
        "type": "intolerance",
        "category": [
          "medication"
        ],
        "criticality": "371924009",
        "code": {
          "coding": [
            {
              "system": "urn:oid:2.16.840.1.113883.6.88",
              "code": "70618",
              "display": "Penicillin"
            }
          ],
          "text": "Penicillin"
        },
        "patient": {
          "reference": "Patient/2.16.840.1.113883.4.1::444222222"
        },
        "recordedDate": "1998-05-01T11:45:00",
        "recorder": {
          "reference": "Practitioner/2.16.840.1.113883.4.6::555555555"
        },
        "reaction": [
          {
            "id": "4adc1020-7b14-11db-9fe1-0800200c9a64",
            "manifestation": [
              {
                "coding": [
                  {
                    "system": "urn:oid:2.16.840.1.113883.6.96",
                    "code": "422587007",
                    "display": "Nausea"
                  }
                ],
                "text": "Nausea"
              }
            ],
            "onset": "2008-02-26T08:05:00",
            "severity": "255604002",
            "note": [
              {
                "text": "Nausea"
              }
            ]
          }
        ]
      }
    },
    {
      "resource": {
        "resourceType": "AllergyIntolerance",
        "identifier": [
          {
            "system": "b03805bd-2eb6-4ab8-a9ff-473c6653971a",
            "value": "b03805bd-2eb6-4ab8-a9ff-473c6653971a"
          },
          {
            "system": "901db0f8-9355-4794-81cd-fd951ef07917",
            "value": "901db0f8-9355-4794-81cd-fd951ef07917"
          }
        ],
        "type": "intolerance",
        "category": [
          "medication"
        ],
        "criticality": "255604002",
        "code": {
          "coding": [
            {
              "system": "urn:oid:2.16.840.1.113883.6.88",
              "code": "2670",
              "display": "Codeine"
            }
          ],
          "text": "Codeine"
        },
        "patient": {
          "reference": "Patient/2.16.840.1.113883.4.1::444222222"
        },
        "recordedDate": "1998-05-01T11:45:00",
        "recorder": {
          "reference": "Practitioner/2.16.840.1.113883.4.6::555555555"
        },
        "reaction": [
          {
            "id": "38c63dea-1a43-4f84-ab71-1ffd04f6a1dd",
            "manifestation": [
              {
                "coding": [
                  {
                    "system": "urn:oid:2.16.840.1.113883.6.96",
                    "code": "56018004",
                    "display": "Wheezing"
                  }
                ],
                "text": "Wheezing"
              }
            ],
            "severity": "6736007",
            "note": [
              {
                "text": "Wheezing"
              }
            ]
          }
        ]
      }
    },
    {
      "resource": {
        "resourceType": "Encounter",
        "identifier": [
          {
            "system": "2a620155-9d11-439e-92b3-5d9815ff4de8",
            "value": "2a620155-9d11-439e-92b3-5d9815ff4de8"
          }
        ],
        "status": "finished",
        "type": [
          {
            "coding": [
              {
                "system": "urn:oid:2.16.840.1.113883.6.12",
                "code": "99213",
                "display": "Office outpatient visit 15 minutes"
              }
            ],
            "text": "Checkup Examination"
          }
        ],
        "subject": {
          "reference": "Patient/2.16.840.1.113883.4.1::444222222"
        },
        "participant": [
          {
            "individual": {
              "reference": "Practitioner/2.16.840.1.113883.4.6::333444555"
            }
          }
        ],
        "reasonCode": [
          {
            "coding": [
              {
                "system": "urn:oid:2.16.840.1.113883.6.96",
                "code": "233604007",
                "display": "Pneumonia"
              }
            ],
            "text": "Pneumonia"
          }
        ]
      }
    },
    {
      "resource": {
        "resourceType": "Immunization",
        "identifier": [
          {
            "system": "e6f1ba43-c0ed-4b9b-9f12-f435d8ad8f92",
            "value": "e6f1ba43-c0ed-4b9b-9f12-f435d8ad8f92"
          }
        ],
        "status": "completed",
        "vaccineCode": {
          "coding": [
            {
              "system": "urn:oid:2.16.840.1.113883.6.59",
              "code": "88",
              "display": "Influenza virus vaccine"
            }
          ],
          "text": "Influenza virus vaccine"
        },
        "patient": {
          "reference": "Patient/2.16.840.1.113883.4.1::444222222"
        },
        "occurrenceDateTime": "1999-11",
        "lotNumber": "1",
        "route": {
          "coding": [
            {
              "system": "urn:oid:2.16.840.1.113883.3.26.1.1",
              "code": "C28161",
              "display": "Intramuscular injection"
            }
          ],
          "text": "Intramuscular injection"
        },
        "doseQuantity": {
          "value": 50.0,
          "unit": "ug"
        },
        "performer": [
          {
            "actor": {
              "reference": "Practitioner/2.16.840.1.113883.19.5.9999.456::2981824"
            }
          }
        ],
        "note": [
          {
            "text": "Influenza, seasonal, IM"
          }
        ]
      }
    },
    {
      "resource": {
        "resourceType": "Immunization",
        "identifier": [
          {
            "system": "e6f1ba43-c0ed-4b9b-9f12-f435d8ad8f92",
            "value": "e6f1ba43-c0ed-4b9b-9f12-f435d8ad8f92"
          }
        ],
        "status": "completed",
        "vaccineCode": {
          "coding": [
            {
              "system": "urn:oid:2.16.840.1.113883.6.59",
              "code": "88",
              "display": "Influenza virus vaccine"
            }
          ],
          "text": "Influenza virus vaccine"
        },
        "patient": {
          "reference": "Patient/2.16.840.1.113883.4.1::444222222"
        },
        "occurrenceDateTime": "1998-12-15",
        "lotNumber": "1",
        "route": {
          "coding": [
            {
              "system": "urn:oid:2.16.840.1.113883.3.26.1.1",
              "code": "C28161",
              "display": "Intramuscular injection"
            }
          ],
          "text": "Intramuscular injection"
        },
        "doseQuantity": {
          "value": 50.0,
          "unit": "ug"
        },
        "performer": [
          {
            "actor": {
              "reference": "Practitioner/2.16.840.1.113883.19.5.9999.456::2981824"
            }
          }
        ]
      }
    },
    {
      "resource": {
        "resourceType": "Immunization",
        "identifier": [
          {
            "system": "e6f1ba43-c0ed-4b9b-9f12-f435d8ad8f92",
            "value": "e6f1ba43-c0ed-4b9b-9f12-f435d8ad8f92"
          }
        ],
        "status": "completed",
        "vaccineCode": {
          "coding": [
            {
              "system": "urn:oid:2.16.840.1.113883.6.59",
              "code": "33",
              "display": "Pneumococcal polysaccharide vaccine"
            }
          ],
          "text": "Pneumococcal polysaccharide vaccine"
        },
        "patient": {
          "reference": "Patient/2.16.840.1.113883.4.1::444222222"
        },
        "occurrenceDateTime": "1998-12-15",
        "lotNumber": "1",
        "route": {
          "coding": [
            {
              "system": "urn:oid:2.16.840.1.113883.3.26.1.1",
              "code": "C28161",
              "display": "Intramuscular injection"
            }
          ],
          "text": "Intramuscular injection"
        },
        "doseQuantity": {
          "value": 50.0,
          "unit": "ug"
        },
        "performer": [
          {
            "actor": {
              "reference": "Practitioner/2.16.840.1.113883.19.5.9999.456::2981824"
            }
          }
        ]
      }
    },
    {
      "resource": {
        "resourceType": "Immunization",
        "identifier": [
          {
            "system": "e6f1ba43-c0ed-4b9b-9f12-f435d8ad8f92",
            "value": "e6f1ba43-c0ed-4b9b-9f12-f435d8ad8f92"
          }
        ],
        "status": "completed",
        "vaccineCode": {
          "coding": [
            {
              "system": "urn:oid:2.16.840.1.113883.6.59",
              "code": "103",
              "display": "Tetanus and diphtheria toxoids - preservative free"
            }
          ],
          "text": "Tetanus and diphtheria toxoids - preservative free"
        },
        "patient": {
          "reference": "Patient/2.16.840.1.113883.4.1::444222222"
        },
        "occurrenceDateTime": "1998-12-15",
        "lotNumber": "1",
        "route": {
          "coding": [
            {
              "system": "urn:oid:2.16.840.1.113883.3.26.1.1",
              "code": "C28161",
              "display": "Intramuscular injection"
            }
          ],
          "text": "Intramuscular injection"
        },
        "doseQuantity": {
          "value": 50.0,
          "unit": "ug"
        },
        "performer": [
          {
            "actor": {
              "reference": "Practitioner/2.16.840.1.113883.19.5.9999.456::2981824"
            }
          }
        ]
      }
    },
    {
      "resource": {
        "resourceType": "Immunization",
        "identifier": [
          {
            "system": "de10790f-1496-4719-8fe6-f1b87b6219f7",
            "value": "de10790f-1496-4719-8fe6-f1b87b6219f7"
          }
        ],
        "status": "completed",
        "vaccineCode": {
          "coding": [
            {
              "system": "urn:oid:2.16.840.1.113883.6.59",
              "code": "45",
              "display": "Hepatitis B vaccine"
            }
          ],
          "text": "Hepatitis B vaccine"
        },
        "patient": {
          "reference": "Patient/2.16.840.1.113883.4.1::444222222"
        },
        "occurrenceDateTime": "2013-08-01",
        "lotNumber": "1",
        "route": {
          "coding": [
            {
              "system": "urn:oid:2.16.840.1.113883.3.26.1.1",
              "code": "C28161",
              "display": "Intramuscular injection"
            }
          ],
          "text": "Intramuscular injection"
        },
        "performer": [
          {
            "actor": {
              "reference": "Practitioner/2.16.840.1.113883.19.5.9999.456::2981824"
            }
          }
        ]
      }
    },
    {
      "resource": {
        "resourceType": "Condition",
        "identifier": [
          {
            "system": "ab1791b0-5c71-11db-b0de-0800200c9a66",
            "value": "ab1791b0-5c71-11db-b0de-0800200c9a66"
          }
        ],
        "category": [
          {
            "coding": [
              {
                "system": "urn:oid:2.16.840.1.113883.6.96",
                "code": "64572001",
                "display": "Condition"
              }
            ],
            "text": "Condition"
          }
        ],
        "code": {
          "coding": [
            {
              "system": "urn:oid:2.16.840.1.113883.6.96",
              "code": "233604007",
              "display": "Pneumonia"
            }
          ],
          "text": "Pneumonia"
        },
        "subject": {
          "reference": "Patient/2.16.840.1.113883.4.1::444222222"
        },
        "onsetDateTime": "2013-07-03",
        "abatementDateTime": "2008-08-14",
        "recordedDate": "2008-08-14T10:30:00",
        "recorder": {
          "reference": "Practitioner/2.16.840.1.113883.4.6::555555555"
        }
      }
    },
    {
      "resource": {
        "resourceType": "Condition",
        "identifier": [
          {
            "system": "11d088a8-b957-401c-8ee0-3bd20a772fc0",
            "value": "11d088a8-b957-401c-8ee0-3bd20a772fc0"
          }
        ],
        "category": [
          {
            "coding": [
              {
                "system": "urn:oid:2.16.840.1.113883.6.96",
                "code": "64572001",
                "display": "Condition"
              }
            ],
            "text": "Condition"
          }
        ],
        "code": {
          "coding": [
            {
              "system": "urn:oid:2.16.840.1.113883.6.96",
              "code": "29857009",
              "display": "Chest pain"
            }
          ],
          "text": "Chest pain"
        },
        "subject": {
          "reference": "Patient/2.16.840.1.113883.4.1::444222222"
        },
        "onsetDateTime": "2007-04-14",
        "recordedDate": "2007-04-14T15:15:00",
        "recorder": {
          "reference": "Practitioner/2.16.840.1.113883.4.6::555555555"
        }
      }
    },
    {
      "resource": {
        "resourceType": "Condition",
        "identifier": [
          {
            "system": "4991db40-4c4f-41e8-9146-50c12d716424",
            "value": "4991db40-4c4f-41e8-9146-50c12d716424"
          }
        ],
        "category": [
          {
            "coding": [
              {
                "system": "urn:oid:2.16.840.1.113883.6.96",
                "code": "64572001",
                "display": "Condition"
              }
            ],
            "text": "Condition"
          }
        ],
        "code": {
          "coding": [
            {
              "system": "urn:oid:2.16.840.1.113883.6.96",
              "code": "194828000",
              "display": "Angina"
            }
          ],
          "text": "Angina"
        },
        "subject": {
          "reference": "Patient/2.16.840.1.113883.4.1::444222222"
        },
        "onsetDateTime": "2007-04-17",
        "recordedDate": "2007-04-17T15:15:00",
        "recorder": {
          "reference": "Practitioner/2.16.840.1.113883.4.6::222334444"
        }
      }
    },
    {
      "resource": {
        "resourceType": "Condition",
        "identifier": [
          {
            "system": "10506b4d-c30a-4220-8bec-97bff9568fd1",
            "value": "10506b4d-c30a-4220-8bec-97bff9568fd1"
          }
        ],
        "category": [
          {
            "coding": [
              {
                "system": "urn:oid:2.16.840.1.113883.6.96",
                "code": "64572001",
                "display": "Condition"
              }
            ],
            "text": "Condition"
          }
        ],
        "code": {
          "coding": [
            {
              "system": "urn:oid:2.16.840.1.113883.6.96",
              "code": "233604007",
              "display": "Pneumonia"
            }
          ],
          "text": "Pneumonia"
        },
        "subject": {
          "reference": "Patient/2.16.840.1.113883.4.1::444222222"
        },
        "onsetDateTime": "1998-03-10",
        "abatementDateTime": "1998-03-16",
        "recordedDate": "1998-03-16T10:30:00",
        "recorder": {
          "reference": "Practitioner/2.16.840.1.113883.4.6::555555555"
        }
      }
    },
    {
      "resource": {
        "resourceType": "Procedure",
        "identifier": [
          {
            "system": "d68b7e32-7810-4f5b-9cc2-acd54b0fd85d",
            "value": "d68b7e32-7810-4f5b-9cc2-acd54b0fd85d"
          }
        ],
        "status": "completed",
        "code": {
          "coding": [
            {
              "system": "urn:oid:2.16.840.1.113883.6.96",
              "code": "73761001",
              "display": "Colonoscopy"
            }
          ],
          "text": "Colonic polypectomy"
        },
        "subject": {
          "reference": "Patient/2.16.840.1.113883.4.1::444222222"
        },
        "performedDateTime": "2012-05-12",
        "performer": [
          {
            "actor": {
              "reference": "2.16.840.1.113883.19.5.9999.456::2981823"
            }
          }
        ],
        "bodySite": [
          {
            "coding": [
              {
                "system": "urn:oid:2.16.840.1.113883.3.88.12.3221.8.9",
                "code": "appropriate_code",
                "display": "colon"
              }
            ],
            "text": "colon"
          }
        ]
      }
    },
    {
      "resource": {
        "resourceType": "Procedure",
        "identifier": [
          {
            "system": "urn:oid:2.16.840.1.113883.19",
            "value": "123456789"
          }
        ],
        "status": "aborted",
        "code": {
          "coding": [
            {
              "system": "urn:oid:2.16.840.1.113883.6.96",
              "code": "274025005",
              "display": "Colonic polypectomy"
            }
          ],
          "text": "Colonic polypectomy"
        },
        "subject": {
          "reference": "Patient/2.16.840.1.113883.4.1::444222222"
        },
        "performedDateTime": "2011-02-03",
        "bodySite": [
          {
            "coding": [
              {
                "system": "urn:oid:2.16.840.1.113883.6.96",
                "code": "416949008",
                "display": "Abdomen and pelvis"
              }
            ],
            "text": "Abdomen and pelvis"
          }
        ]
      }
    },
    {
      "resource": {
        "resourceType": "Procedure",
        "status": "completed",
        "code": {
          "coding": [
            {
              "system": "urn:oid:2.16.840.1.113883.6.96",
              "code": "274025005",
              "display": "Colonic polypectomy"
            }
          ],
          "text": "Colonic polypectomy"
        },
        "subject": {
          "reference": "Patient/2.16.840.1.113883.4.1::444222222"
        },
        "performedDateTime": "2011-02-03",
        "performer": [
          {
            "actor": {
              "reference": "2.16.840.1.113883.19::1234"
            }
          }
        ]
      }
    }
  ]
}