{
	"info": {
		"_postman_id": "72281143-cc3e-47f9-97d2-6dc0e28557ae",
		"name": "MDIX Demonstration",
		"schema": "https://schema.getpostman.com/json/collection/v2.1.0/collection.json",
		"_exporter_id": "16265777",
		"_collection_link": "https://solar-firefly-595869.postman.co/workspace/Team-Workspace~dbaabc48-8272-4b7e-8474-8937beca7f7a/collection/11306783-72281143-cc3e-47f9-97d2-6dc0e28557ae?action=share&creator=16265777&source=collection_link"
	},
	"item": [
		{
			"name": "Get",
			"request": {
				"method": "GET",
				"header": [],
				"url": {
					"raw": "{{test-url}}",
					"host": [
						"{{test-url}}"
					]
				}
			},
			"response": []
		},
		{
			"name": "CDAtoFHIR",
			"request": {
				"method": "POST",
				"header": [],
				"body": {
					"mode": "formdata",
					"formdata": [
						{
							"key": "message",
							"contentType": "application/xml",
							"type": "file",
							"src": []
						}
					]
				},
				"url": {
					"raw": "{{test-url}}?source=CDAR2.ContinuityOfCareDocument&target=FHIRR4JSON.MasterBundle",
					"host": [
						"{{test-url}}"
					],
					"query": [
						{
							"key": "source",
							"value": "CDAR2.ContinuityOfCareDocument"
						},
						{
							"key": "target",
							"value": "FHIRR4JSON.MasterBundle"
						}
					]
				}
			},
			"response": []
		},
		{
			"name": "FHIR2CDA",
			"request": {
				"method": "POST",
				"header": [],
				"body": {
					"mode": "formdata",
					"formdata": [
						{
							"key": "message",
							"contentType": "application/xml",
							"type": "file",
							"src": []
						}
					]
				},
				"url": {
					"raw": "{{test-url}}?source=FHIRR4JSON.MasterBundle&target=CDAR2.ContinuityOfCareDocument",
					"host": [
						"{{test-url}}"
					],
					"query": [
						{
							"key": "source",
							"value": "FHIRR4JSON.MasterBundle"
						},
						{
							"key": "target",
							"value": "CDAR2.ContinuityOfCareDocument"
						}
					]
				}
			},
			"response": []
		},
		{
			"name": "V2toFHIR",
			"request": {
				"method": "POST",
				"header": [],
				"body": {
					"mode": "formdata",
					"formdata": [
						{
							"key": "message",
							"contentType": "application/txt",
							"type": "file",
							"src": []
						}
					]
				},
				"url": {
					"raw": "{{test-url}}?source=HL7V2.ADTA01CONTENT&target=FHIRR4JSON.MasterBundle",
					"host": [
						"{{test-url}}"
					],
					"query": [
						{
							"key": "source",
							"value": "HL7V2.ADTA01CONTENT"
						},
						{
							"key": "target",
							"value": "FHIRR4JSON.MasterBundle"
						}
					]
				}
			},
			"response": []
		},
		{
			"name": "SBHAtoFHIR",
			"request": {
				"method": "POST",
				"header": [],
				"body": {
					"mode": "formdata",
					"formdata": [
						{
							"key": "message",
							"contentType": "application/txt",
							"type": "file",
							"src": []
						}
					]
				},
				"url": {
					"raw": "{{test-url}}?source=SBHA.Demographics&target=FHIRR4JSON.MasterBundle",
					"host": [
						"{{test-url}}"
					],
					"query": [
						{
							"key": "source",
							"value": "SBHA.Demographics"
						},
						{
							"key": "target",
							"value": "FHIRR4JSON.MasterBundle"
						}
					]
				}
			},
			"response": []
		},
		{
			"name": "SBHAtoCDA",
			"request": {
				"method": "POST",
				"header": [],
				"body": {
					"mode": "formdata",
					"formdata": [
						{
							"key": "message",
							"contentType": "application/txt",
							"type": "file",
							"src": []
						}
					]
				},
				"url": {
					"raw": "{{test-url}}?source=SBHA.Demographics&target=CDAR2.ContinuityOfCareDocument",
					"host": [
						"{{test-url}}"
					],
					"query": [
						{
							"key": "source",
							"value": "SBHA.Demographics"
						},
						{
							"key": "target",
							"value": "CDAR2.ContinuityOfCareDocument"
						}
					]
				}
			},
			"response": []
		}
	],
	"event": [
		{
			"listen": "prerequest",
			"script": {
				"type": "text/javascript",
				"exec": [
					""
				]
			}
		},
		{
			"listen": "test",
			"script": {
				"type": "text/javascript",
				"exec": [
					""
				]
			}
		}
	],
	"variable": [
		{
			"key": "test-url",
			"value": "http://ec2-18-117-181-57.us-east-2.compute.amazonaws.com:8080/mdmi/transformation"
		}
	]
}