<ClinicalDocument xmlns="urn:hl7-org:v3">
	<realmCode code="US" />
	<typeId extension="POCD_HD000040" root="2.16.840.1.113883.1.3" />
	<templateId extension="2015-08-01"
		root="2.16.840.1.113883.10.20.22.1.2" />
	<templateId root="2.16.840.1.113883.10.20.22.1.2" />
	<id extension="TT988" root="2.16.840.1.113883.19.5.99999.1" />
	<code code="34133-9" codeSystem="2.16.840.1.113883.6.1"
		codeSystemName="LOINC" displayName="Summarization of Episode Note" />
	<title>Patient Chart Summary</title>
	<effectiveTime value="201308151030-0800" />
	<confidentialityCode code="N"
		codeSystem="2.16.840.1.113883.5.25" codeSystemName="Confidentiality"
		displayName="normal" />
	<languageCode code="en-US" />
	<setId extension="sTT988" root="2.16.840.1.113883.19.5.99999.19" />
	<versionNumber value="1" />
	<recordTarget>
		<patientRole>
			<id extension="444222222" root="2.16.840.1.113883.4.1" />
			<addr use="HP">

				<streetAddressLine>2222 Home Street</streetAddressLine>
				<city>Beaverton</city>
				<state>OR</state>
				<postalCode>97867</postalCode>
				<country>US</country>

			</addr>
			<telecom use="HP" value="tel:+1(555)555-2003" />
			<telecom use="WP" value="mailto:DrP@direct.sampleHISP2.com" />
			<patient>
				<name use="L">
					<given>Eve</given>

					<family qualifier="SP">Betterhalf</family>
				</name>
				<administrativeGenderCode code="F"
					codeSystem="2.16.840.1.113883.5.1"
					codeSystemName="AdministrativeGender" displayName="Female" />
				<birthTime value="19750501" />
				<birthplace>
					<place>
					<addr>
						<streetAddressLine>4444 Home Street</streetAddressLine>
						<city>Beaverton</city>
						<state>OR</state>
						<postalCode>97867</postalCode>
						<country>US</country>
					</addr>
				</place>
				</birthplace>
				<maritalStatusCode code="M"
					codeSystem="2.16.840.1.113883.5.2"
					codeSystemName="MaritalStatusCode" displayName="Married" />
				<religiousAffiliationCode code="1013"
					codeSystem="2.16.840.1.113883.5.1076"
					codeSystemName="HL7 Religious Affiliation"
					displayName="Christian (non-Catholic, non-specific)" />
				<raceCode code="2076-8"
					codeSystem="2.16.840.1.113883.6.238"
					codeSystemName="Race &amp; Ethnicity - CDC"
					displayName="Hawaiian or Other Pacific Islander" />
				<ethnicGroupCode code="2186-5"
					codeSystem="2.16.840.1.113883.6.238"
					codeSystemName="Race &amp; Ethnicity - CDC"
					displayName="Not Hispanic or Latino" />
				<guardian>
					<code code="POWATT" codeSystem="2.16.840.1.113883.1.11.19830"
						codeSystemName="ResponsibleParty" displayName="Power of Attorney" />
					<addr use="HP">
						<streetAddressLine>2222 Home Street</streetAddressLine>
						<city>Beaverton</city>
						<state>OR</state>
						<postalCode>97867</postalCode>
						<country>US</country>
					</addr>
					<telecom use="MC" value="tel:+1(555)555-2008" />
					<guardianPerson>
						<name>
							<given>Boris</given>
							<given qualifier="CL">Bo</given>
							<family>Betterhalf</family>
						</name>
					</guardianPerson>
				</guardian>
				<birthplace>
					<place>
						<addr>
							<streetAddressLine>4444 Home Street</streetAddressLine>
							<city>Beaverton</city>
							<state>OR</state>
							<postalCode>97867</postalCode>
							<country>US</country>
						</addr>
					</place>
				</birthplace>
				<languageCommunication>
					<languageCode code="en" />
					<modeCode code="ESP" codeSystem="2.16.840.1.113883.5.60"
						codeSystemName="LanguageAbilityMode"
						displayName="Expressed spoken" />
					<proficiencyLevelCode code="G"
						codeSystem="2.16.840.1.113883.5.61"
						codeSystemName="LanguageAbilityProficiency" displayName="Good" />
					<preferenceInd value="true" />
				</languageCommunication>
			</patient>
			<providerOrganization>
				<id extension="219BX" root="2.16.840.1.113883.4.6" />
				<name>The DoctorsTogether Physician Group</name>
				<telecom use="WP" value="tel: +1(555)555-5000" />
				<addr>
					<streetAddressLine>1007 Health Drive</streetAddressLine>
					<city>Portland</city>
					<state>OR</state>
					<postalCode>99123</postalCode>
					<country>US</country>
				</addr>
			</providerOrganization>
		</patientRole>
	</recordTarget>
	<author>
		<time value="201308151030-0800" />
		<assignedAuthor>
			<id extension="5555555555" root="2.16.840.1.113883.4.6" />
			<code code="207QA0505X" codeSystem="2.16.840.1.113883.6.101"
				codeSystemName="Healthcare Provider Taxonomy (HIPAA)"
				displayName="Adult Medicine" />
			<addr>
				<streetAddressLine>1004 Healthcare Drive </streetAddressLine>
				<city>Portland</city>
				<state>OR</state>
				<postalCode>99123</postalCode>
				<country>US</country>
			</addr>
			<telecom use="WP" value="tel:+1(555)555-1004" />
			<assignedPerson>
				<name>
					<given>Patricia</given>
					<given qualifier="CL">Patty</given>
					<family>Primary</family>
					<suffix qualifier="AC">M.D.</suffix>
				</name>
			</assignedPerson>
		</assignedAuthor>
	</author>
	<dataEnterer>
		<assignedEntity>
			<id extension="333777777" root="2.16.840.1.113883.4.6" />
			<addr>
				<streetAddressLine>1007 Healthcare Drive</streetAddressLine>
				<city>Portland</city>
				<state>OR</state>
				<postalCode>99123</postalCode>
				<country>US</country>
			</addr>
			<telecom use="WP" value="tel:+1(555)555-1050" />
			<assignedPerson>
				<name>
					<given>Ellen</given>
					<family>Enter</family>
				</name>
			</assignedPerson>
		</assignedEntity>
	</dataEnterer>
	<informant>
		<assignedEntity>
			<id extension="888888888" root="2.16.840.1.113883.4.6" />
			<addr>
				<streetAddressLine>1007 Healthcare Drive</streetAddressLine>
				<city>Portland</city>
				<state>OR</state>
				<postalCode>99123</postalCode>
				<country>US</country>
			</addr>
			<telecom use="WP" value="tel:+1(555)555-1003" />
			<assignedPerson>
				<name>
					<given>Harold</given>
					<family>Hippocrates</family>
					<suffix qualifier="AC">M.D.</suffix>
				</name>
			</assignedPerson>
			<representedOrganization>
				<name>The DoctorsApart Physician Group</name>
			</representedOrganization>
		</assignedEntity>
	</informant>
	<informant>
		<assignedEntity>
			<id extension="222223333" root="2.16.840.1.113883.4.6" />
			<addr>
				<streetAddressLine>1025 Health Drive</streetAddressLine>
				<city>Portland</city>
				<state>OR</state>
				<postalCode>99123</postalCode>
				<country>US</country>
			</addr>
			<telecom use="WP" value="tel:+1(555)555-1025" />
			<assignedPerson>
				<name>
					<given>Ramsey</given>
					<family>Reaction</family>
					<suffix qualifier="AC">M.D.</suffix>
				</name>
			</assignedPerson>
			<representedOrganization>
				<name>The DoctorsApart Physician Group</name>
			</representedOrganization>
		</assignedEntity>
	</informant>
	<informant>
		<assignedEntity>
			<id extension="333444444" root="2.16.840.1.113883.4.6" />
			<addr>
				<streetAddressLine>1017 Health Drive</streetAddressLine>
				<city>Portland</city>
				<state>OR</state>
				<postalCode>99123</postalCode>
				<country>US</country>
			</addr>
			<telecom use="WP" value="tel:+1(555)555-1017" />
			<assignedPerson>
				<name>
					<given>William</given>
					<given qualifier="CL">Bill</given>
					<family>Beaker</family>
				</name>
			</assignedPerson>
			<representedOrganization>
				<name>Good Health Laboratory</name>
			</representedOrganization>
		</assignedEntity>
	</informant>
	<informant>
		<assignedEntity>
			<id extension="333222222" root="2.16.840.1.113883.4.6" />
			<addr>
				<streetAddressLine>1016 Health Drive</streetAddressLine>
				<city>Portland</city>
				<state>OR</state>
				<postalCode>99123</postalCode>
				<country>US</country>
			</addr>
			<telecom use="WP" value="tel:+1(555)555-1016" />
			<assignedPerson>
				<name>
					<given>Susan</given>
					<family>Script</family>
					<suffix qualifier="AC">Pharm.D.</suffix>
				</name>
			</assignedPerson>
			<representedOrganization>
				<name>People's Pharmacy</name>
			</representedOrganization>
		</assignedEntity>
	</informant>
	<informant>
		<assignedEntity>
			<id extension="222334444" root="2.16.840.1.113883.4.6" />
			<addr>
				<streetAddressLine>1027 Health Drive</streetAddressLine>
				<city>Portland</city>
				<state>OR</state>
				<postalCode>99123</postalCode>
				<country>US</country>
			</addr>
			<telecom use="WP" value="tel:+1(555)555-1027" />
			<assignedPerson>
				<name>
					<given>Patrick</given>
					<family>Pump</family>
					<suffix qualifier="AC">M.D.</suffix>
				</name>
			</assignedPerson>
			<representedOrganization>
				<name>The DoctorsApart Physician Group</name>
			</representedOrganization>
		</assignedEntity>
	</informant>
	<informant>
		<relatedEntity classCode="PRS">
			<code code="SPS" codeSystem="2.16.840.1.113883.1.11.19563"
				codeSystemName="Personal Relationship Role Type Value Set"
				displayName="SPOUSE" />
			<relatedPerson>
				<name>
					<given>Boris</given>
					<given qualifier="CL">Bo</given>
					<family>Betterhalf</family>
				</name>
			</relatedPerson>
		</relatedEntity>
	</informant>
	<custodian>
		<assignedCustodian>
			<representedCustodianOrganization>
				<id extension="321CX" root="2.16.840.1.113883.4.6" />
				<name>Good Health HIE</name>
				<telecom use="WP" value="tel:+1(555)555-1009" />
				<addr use="WP">
					<streetAddressLine>1009 Healthcare Drive </streetAddressLine>
					<city>Portland</city>
					<state>OR</state>
					<postalCode>99123</postalCode>
					<country>US</country>
				</addr>
			</representedCustodianOrganization>
		</assignedCustodian>
	</custodian>
	<informationRecipient>
		<intendedRecipient>
			<informationRecipient>
				<name>
					<given>Sara</given>
					<family>Specialize</family>
					<suffix qualifier="AC">M.D.</suffix>
				</name>
			</informationRecipient>
			<receivedOrganization>
				<name>The DoctorsApart Physician Group</name>
			</receivedOrganization>
		</intendedRecipient>
	</informationRecipient>
	<legalAuthenticator>
		<time value="20130815223615-0800" />
		<signatureCode code="S" />
		<assignedEntity>
			<id extension="5555555555" root="2.16.840.1.113883.4.6" />
			<code code="207QA0505X" codeSystem="2.16.840.1.113883.6.101"
				codeSystemName="Healthcare Provider Taxonomy (HIPAA)"
				displayName="Adult Medicine" />
			<addr>
				<streetAddressLine>1004 Healthcare Drive </streetAddressLine>
				<city>Portland</city>
				<state>OR</state>
				<postalCode>99123</postalCode>
				<country>US</country>
			</addr>
			<telecom use="WP" value="tel:+1(555)555-1004" />
			<assignedPerson>
				<name>
					<given>Patricia</given>
					<given qualifier="CL">Patty</given>
					<family>Primary</family>
					<suffix qualifier="AC">M.D.</suffix>
				</name>
			</assignedPerson>
		</assignedEntity>
	</legalAuthenticator>
	<authenticator>
		<time value="20130815221545-0800" />
		<signatureCode code="S" />
		<assignedEntity>
			<id extension="5555555555" root="2.16.840.1.113883.4.6" />
			<code code="207QA0505X" codeSystem="2.16.840.1.113883.6.101"
				codeSystemName="Healthcare Provider Taxonomy (HIPAA)"
				displayName="Adult Medicine" />
			<addr>
				<streetAddressLine>1004 Healthcare Drive </streetAddressLine>
				<city>Portland</city>
				<state>OR</state>
				<postalCode>99123</postalCode>
				<country>US</country>
			</addr>
			<telecom use="WP" value="tel:+1(555)555-1004" />
			<assignedPerson>
				<name>
					<given>Patricia</given>
					<given qualifier="CL">Patty</given>
					<family>Primary</family>
					<suffix qualifier="AC">M.D.</suffix>
				</name>
			</assignedPerson>
		</assignedEntity>
	</authenticator>
	<participant typeCode="IND">
		<associatedEntity classCode="NOK">
			<addr use="HP">
				<streetAddressLine>2222 Home Street</streetAddressLine>
				<city>Beaverton</city>
				<state>OR</state>
				<postalCode>97867</postalCode>
				<country>US</country>
			</addr>
			<telecom use="MC" value="tel:+1(555)555-2008" />
			<associatedPerson>
				<name>
					<given>Boris</given>
					<given qualifier="CL">Bo</given>
					<family>Betterhalf</family>
				</name>
			</associatedPerson>
		</associatedEntity>
	</participant>
	<participant typeCode="IND">
		<associatedEntity classCode="ECON">
			<addr use="HP">
				<streetAddressLine>2222 Home Street</streetAddressLine>
				<city>Beaverton</city>
				<state>OR</state>
				<postalCode>97867</postalCode>
				<country>US</country>
			</addr>
			<telecom use="MC" value="tel:+1(555)555-2008" />
			<associatedPerson>
				<name>
					<given>Boris</given>
					<given qualifier="CL">Bo</given>
					<family>Betterhalf</family>
				</name>
			</associatedPerson>
		</associatedEntity>
	</participant>
	<documentationOf>
		<serviceEvent classCode="PCPR">
			<effectiveTime>
				<low value="19750501" />
				<high value="20130815" />
			</effectiveTime>
			<performer typeCode="PRF">
				<functionCode code="PCP"
					codeSystem="2.16.840.1.113883.5.88"
					codeSystemName="ParticipationFunction"
					displayName="Primary Care Provider">
					<originalText>Primary Care Provider</originalText>
				</functionCode>
				<assignedEntity>
					<id extension="5555555555" root="2.16.840.1.113883.4.6" />
					<code code="207QA0505X" codeSystem="2.16.840.1.113883.6.101"
						codeSystemName="Healthcare Provider Taxonomy (HIPAA)"
						displayName="Adult Medicine" />
					<addr>
						<streetAddressLine>1004 Healthcare Drive </streetAddressLine>
						<city>Portland</city>
						<state>OR</state>
						<postalCode>99123</postalCode>
						<country>US</country>
					</addr>
					<telecom use="WP" value="tel:+1(555)555-1004" />
					<assignedPerson>
						<name>
							<given>Patricia</given>
							<given qualifier="CL">Patty</given>
							<family>Primary</family>
							<suffix qualifier="AC">M.D.</suffix>
						</name>
					</assignedPerson>
					<representedOrganization>
						<id extension="219BX" root="1.2.16.840.1.113883.4.6" />
						<name>The DoctorsTogether Physician Group</name>
						<telecom use="WP" value="tel: +1(555)555-5000" />
						<addr>
							<streetAddressLine>1004 Health Drive</streetAddressLine>
							<city>Portland</city>
							<state>OR</state>
							<postalCode>99123</postalCode>
							<country>US</country>
						</addr>
					</representedOrganization>
				</assignedEntity>
			</performer>
		</serviceEvent>
	</documentationOf>
	<component>
		<structuredBody>
			
			<component>
				<section>
					<templateId extension="2015-08-01"
						root="2.16.840.1.113883.10.20.22.2.6.1" />
					<templateId root="2.16.840.1.113883.10.20.22.2.6.1" />
					<code code="48765-2" codeSystem="2.16.840.1.113883.6.1"
						codeSystemName="LOINC" />
					<title>ALLERGIES AND ADVERSE REACTIONS</title>
					<text>
						<table border="1" width="100%">
							<thead>
								<tr>
									<th>Substance</th>
									<th>Reaction</th>
								</tr>
							</thead>
							<tbody>
								<tr>
									<td ID="substance1">Penicillin</td>
									<td ID="reaction1">Nausea</td>
								</tr>
								<tr>
									<td ID="substance2">Codeine</td>
									<td ID="reaction2">Wheezing</td>
								</tr>
							</tbody>
						</table>
					</text>
					<entry typeCode="DRIV">
						<act classCode="ACT" moodCode="EVN">
							<templateId extension="2015-08-01"
								root="2.16.840.1.113883.10.20.22.4.30" />
							<templateId root="2.16.840.1.113883.10.20.22.4.30" />
							<id root="36e3e930-7b14-11db-9fe1-0800200c9a66-test" />
							<code code="CONC" codeSystem="2.16.840.1.113883.5.6" />
							<statusCode code="active" />
							<effectiveTime>
								<low value="199805011145-0800" />
							</effectiveTime>
							<author typeCode="AUT">
								<templateId root="2.16.840.1.113883.10.20.22.4.119" />
								<time value="199805011145-0800" />
								<assignedAuthor>
									<id extension="555555555" root="2.16.840.1.113883.4.6" />
									<code code="207QA0505X"
										codeSystem="2.16.840.1.113883.6.101"
										codeSystemName="Healthcare Provider Taxonomy (HIPAA)"
										displayName="Adult Medicine" />
								</assignedAuthor>
							</author>
							<entryRelationship typeCode="SUBJ">
								<observation classCode="OBS" moodCode="EVN">
									<templateId extension="2014-06-09"
										root="2.16.840.1.113883.10.20.22.4.7" />
									<templateId root="2.16.840.1.113883.10.20.22.4.7" />
									<id root="4adc1020-7b14-11db-9fe1-0800200c9a66test" />
									<code code="ASSERTION" codeSystem="2.16.840.1.113883.5.4" />
									<text>

										<reference value="#allergytype1" />
									</text>
									<statusCode code="completed" />
									<effectiveTime>
										<low value="19980501" />
									</effectiveTime>
									<value
										xmlns:xsi="http://www.w3.org/2001/XMLSchema-instance"
										xsi:type="CD" code="419199007"
										codeSystem="2.16.840.1.113883.6.96" codeSystemName="SNOMED CT"
										displayName="Allergy to substance" />
									<author typeCode="AUT">
										<templateId root="2.16.840.1.113883.10.20.22.4.119" />
										<time value="199805011145-0800" />
										<assignedAuthor>
											<id extension="test222223333" root="2.16.840.1.113883.4.6" />
											<code code="207KA0200X"
												codeSystem="2.16.840.1.113883.6.101"
												codeSystemName="Healthcare Provider Taxonomy (HIPAA)"
												displayName="Allergy" />
												<assignedPerson>
				<name>
					<given>TestEllen</given>
					<family>TestEnter</family>
				</name>
			</assignedPerson>
										</assignedAuthor>
									</author>
									<participant typeCode="CSM">
										<participantRole classCode="MANU">
											<playingEntity classCode="MMAT">
												<code code="70618" codeSystem="2.16.840.1.113883.6.88"
													codeSystemName="RxNorm" displayName="Penicillin" />
											</playingEntity>
										</participantRole>
									</participant>
									<entryRelationship inversionInd="true"
										typeCode="SUBJ">
										<observation classCode="OBS" moodCode="EVN">
											<templateId extension="2014-06-09"
												root="2.16.840.1.113883.10.20.22.4.8" />
											<templateId root="2.16.840.1.113883.10.20.22.4.8" />
											<code code="SEV" codeSystem="2.16.840.1.113883.5.4"
												codeSystemName="ActCode" displayName="Severity Observation" />
											<text>

												<reference value="#allergyseverity1" />
											</text>
											<statusCode code="completed" />
											<value
												xmlns:xsi="http://www.w3.org/2001/XMLSchema-instance"
												xsi:type="CD" code="371924009"
												codeSystem="2.16.840.1.113883.6.96"
												codeSystemName="SNOMED CT" displayName="Moderate to severe" />
										</observation>
									</entryRelationship>
									<entryRelationship inversionInd="true"
										typeCode="MFST">
										<observation classCode="OBS" moodCode="EVN">
											<templateId extension="2014-06-09"
												root="2.16.840.1.113883.10.20.22.4.9" />
											<templateId root="2.16.840.1.113883.10.20.22.4.9" />
											<id root="4adc1020-7b14-11db-9fe1-0800200c9a64" />
											<code code="ASSERTION"
												codeSystem="2.16.840.1.113883.5.4" />
											<text>

												<reference value="#reaction1" />
											</text>
											<statusCode code="completed" />
											<effectiveTime>
												<low value="200802260805-0800" />
												<high value="200802281205-0800" />
											</effectiveTime>
											<value
												xmlns:xsi="http://www.w3.org/2001/XMLSchema-instance"
												xsi:type="CD" code="422587007"
												codeSystem="2.16.840.1.113883.6.96" displayName="Nausea" />
											<entryRelationship inversionInd="true"
												typeCode="SUBJ">
												<observation classCode="OBS" moodCode="EVN">
													<templateId extension="2014-06-09"
														root="2.16.840.1.113883.10.20.22.4.8" />
													<templateId
														root="2.16.840.1.113883.10.20.22.4.8" />
													<code code="SEV" codeSystem="2.16.840.1.113883.5.4"
														codeSystemName="ActCode"
														displayName="Severity Observation" />
													<statusCode code="completed" />
													<value
														xmlns:xsi="http://www.w3.org/2001/XMLSchema-instance"
														xsi:type="CD" code="255604002"
														codeSystem="2.16.840.1.113883.6.96"
														codeSystemName="SNOMED CT" displayName="Mild" />
												</observation>
											</entryRelationship>
										</observation>
									</entryRelationship>
								</observation>
							</entryRelationship>
						</act>
					</entry>
					<entry typeCode="DRIV">
						<act classCode="ACT" moodCode="EVN">
							<templateId extension="2015-08-01"
								root="2.16.840.1.113883.10.20.22.4.30" />
							<templateId root="2.16.840.1.113883.10.20.22.4.30" />
							<id root="b03805bd-2eb6-4ab8-a9ff-473c6653971a" />
							<code code="CONC" codeSystem="2.16.840.1.113883.5.6" />
							<statusCode code="active" />
							<effectiveTime>
								<low value="199805011145-0800" />
							</effectiveTime>
							<author typeCode="AUT">
								<templateId root="2.16.840.1.113883.10.20.22.4.119" />
								<time value="199805011145-0800" />
								<assignedAuthor>
									<id extension="555555555" root="2.16.840.1.113883.4.6" />
									<code code="207QA0505X"
										codeSystem="2.16.840.1.113883.6.101"
										codeSystemName="Healthcare Provider Taxonomy (HIPAA)"
										displayName="Adult Medicine" />
								</assignedAuthor>
							</author>
							<entryRelationship typeCode="SUBJ">
								<observation classCode="OBS" moodCode="EVN">
									<templateId extension="2014-06-09"
										root="2.16.840.1.113883.10.20.22.4.7" />
									<templateId root="2.16.840.1.113883.10.20.22.4.7" />
									<id root="901db0f8-9355-4794-81cd-fd951ef07917" />
									<code code="ASSERTION" codeSystem="2.16.840.1.113883.5.4" />
									<text>

										<reference value="#allergytype2" />
									</text>
									<statusCode code="completed" />
									<effectiveTime>
										<low nullFlavor="UNK" />
									</effectiveTime>
									<value
										xmlns:xsi="http://www.w3.org/2001/XMLSchema-instance"
										xsi:type="CD" code="419199007"
										codeSystem="2.16.840.1.113883.6.96" codeSystemName="SNOMED CT"
										displayName="Allergy to substance" />
									<author typeCode="AUT">
										<templateId root="2.16.840.1.113883.10.20.22.4.119" />
										<time value="201010110915-0800" />
										<assignedAuthor>
											<id extension="222223333" root="2.16.840.1.113883.4.6" />
											<code code="207KA0200X"
												codeSystem="2.16.840.1.113883.6.101"
												codeSystemName="Healthcare Provider Taxonomy (HIPAA)"
												displayName="Allergy" />
										</assignedAuthor>
									</author>
									<participant typeCode="CSM">
										<participantRole classCode="MANU">
											<playingEntity classCode="MMAT">
												<code code="2670" codeSystem="2.16.840.1.113883.6.88"
													codeSystemName="RxNorm" displayName="Codeine" />
											</playingEntity>
										</participantRole>
									</participant>
									<entryRelationship inversionInd="true"
										typeCode="MFST">
										<observation classCode="OBS" moodCode="EVN">
											<templateId extension="2014-06-09"
												root="2.16.840.1.113883.10.20.22.4.9" />
											<templateId root="2.16.840.1.113883.10.20.22.4.9" />
											<id root="38c63dea-1a43-4f84-ab71-1ffd04f6a1dd" />
											<code code="ASSERTION"
												codeSystem="2.16.840.1.113883.5.4" />
											<text>

												<reference value="#reaction2" />
											</text>
											<statusCode code="completed" />
											<effectiveTime>
												<low nullFlavor="UNK" />
											</effectiveTime>
											<value
												xmlns:xsi="http://www.w3.org/2001/XMLSchema-instance"
												xsi:type="CD" code="56018004"
												codeSystem="2.16.840.1.113883.6.96"
												codeSystemName="SNOMED CT" displayName="Wheezing" />
											<entryRelationship inversionInd="true"
												typeCode="SUBJ">
												<observation classCode="OBS" moodCode="EVN">
													<templateId extension="2014-06-09"
														root="2.16.840.1.113883.10.20.22.4.8" />
													<templateId
														root="2.16.840.1.113883.10.20.22.4.8" />
													<code code="SEV" codeSystem="2.16.840.1.113883.5.4"
														codeSystemName="ActCode"
														displayName="Severity Observation" />
													<text>

														<reference value="#reactionseverity2" />
													</text>
													<statusCode code="completed" />
													<value
														xmlns:xsi="http://www.w3.org/2001/XMLSchema-instance"
														xsi:type="CD" code="6736007"
														codeSystem="2.16.840.1.113883.6.96"
														codeSystemName="SNOMED CT" displayName="Moderate" />
												</observation>
											</entryRelationship>
										</observation>
									</entryRelationship>
									<entryRelationship inversionInd="true"
										typeCode="SUBJ">
										<observation classCode="OBS" moodCode="EVN">
											<templateId extension="2014-06-09"
												root="2.16.840.1.113883.10.20.22.4.8" />
											<templateId root="2.16.840.1.113883.10.20.22.4.8" />
											<code code="SEV" codeSystem="2.16.840.1.113883.5.4"
												codeSystemName="ActCode" displayName="Severity Observation" />
											<text>

												<reference value="#allergyseverity2" />
											</text>
											<statusCode code="completed" />
											<value
												xmlns:xsi="http://www.w3.org/2001/XMLSchema-instance"
												xsi:type="CD" code="255604002"
												codeSystem="2.16.840.1.113883.6.96"
												codeSystemName="SNOMED CT" displayName="Mild" />
										</observation>
									</entryRelationship>
								</observation>
							</entryRelationship>
						</act>
					</entry>
				</section>
			</component>
			<component>
				<section>
					<templateId extension="2015-08-01"
						root="2.16.840.1.113883.10.20.22.2.22.1" />
					<templateId root="2.16.840.1.113883.10.20.22.2.22.1" />
					<code code="46240-8" codeSystem="2.16.840.1.113883.6.1"
						codeSystemName="LOINC" displayName="History of encounters" />
					<title>ENCOUNTERS</title>
					<text>
						<table border="1" width="100%">
							<thead>
								<tr>
									<th>Encounter</th>
									<th>Performer</th>
									<th>Location</th>
									<th>Date</th>
								</tr>
							</thead>
							<tbody>
								<tr>
									<td ID="Encounter1"> Checkup Examination </td>
									<td>Performer Name</td>
									<td>Community Urgent Care Center</td>
									<td>September 27, 2012 at 1:00pm</td>
								</tr>
							</tbody>
						</table>
					</text>
					<entry typeCode="DRIV">
						<encounter classCode="ENC" moodCode="EVN">
							<templateId extension="2015-08-01"
								root="2.16.840.1.113883.10.20.22.4.49" />
							<templateId root="2.16.840.1.113883.10.20.22.4.49" />
							<id root="2a620155-9d11-439e-92b3-5d9815ff4de8" />
							<code code="99213" codeSystem="2.16.840.1.113883.6.12"
								codeSystemName="CPT-4"
								displayName="Office outpatient visit 15 minutes">
								<originalText>

									<reference value="#Encounter1" />
								</originalText>
							</code>
							<effectiveTime value="201209271300+0500" />
							<performer>
								<assignedEntity>
									<id extension="333444555" root="2.16.840.1.113883.4.6" />
									<code code="59058001" codeSystem="2.16.840.1.113883.6.96"
										codeSystemName="SNOMED CT" displayName="General Physician" />
								</assignedEntity>
							</performer>
							<participant typeCode="LOC">
								<participantRole classCode="SDLOC">
									<templateId root="2.16.840.1.113883.10.20.22.4.32" />
									<code code="1160-1" codeSystem="2.16.840.1.113883.6.259"
										codeSystemName="HL7 HealthcareServiceLocation"
										displayName="Urgent Care Center" />
									<addr>
										<streetAddressLine>1007 Health Drive</streetAddressLine>
										<city>Portland</city>
										<state>OR</state>
										<postalCode>99123</postalCode>
										<country>US</country>
									</addr>
									<telecom use="WP" value="tel: +1(555)555-1030" />
									<playingEntity classCode="PLC">
										<name>Good Health Urgent Care</name>
									</playingEntity>
								</participantRole>
							</participant>
							<entryRelationship typeCode="RSON">
								<observation classCode="OBS" moodCode="EVN">
									<templateId extension="2014-06-09"
										root="2.16.840.1.113883.10.20.22.4.19" />
									<templateId root="2.16.840.1.113883.10.20.22.4.19" />
									<id extension="45665"
										root="db734647-fc99-424c-a864-7e3cda82e703" />
									<code code="404684003" codeSystem="2.16.840.1.113883.6.96"
										codeSystemName="SNOMED-CT" displayName="Finding" />
									<statusCode code="completed" />
									<effectiveTime>
										<low value="201209251130+0500" />
									</effectiveTime>
									<value
										xmlns:xsi="http://www.w3.org/2001/XMLSchema-instance"
										xsi:type="CD" code="233604007"
										codeSystem="2.16.840.1.113883.6.96" displayName="Pneumonia" />
								</observation>
							</entryRelationship>
						</encounter>
					</entry>
				</section>
			</component>
			
			
			<component>
				<section>
					<templateId extension="2014-06-09"
						root="2.16.840.1.113883.10.20.22.2.2.1" />
					<templateId root="2.16.840.1.113883.10.20.22.2.2.1" />
					<code code="11369-6" codeSystem="2.16.840.1.113883.6.1"
						codeSystemName="LOINC" displayName="History of immunizations" />
					<title>IMMUNIZATIONS</title>
					<text>
						<content ID="immunSect" />
						<table border="1" width="100%">
							<thead>
								<tr>
									<th>Vaccine</th>
									<th>Date</th>
									<th>Status</th>
									<th>Series number</th>
								</tr>
							</thead>
							<tbody>
								<tr>
									<td>
										<content ID="immi1" />
										Influenza, seasonal, IM
									</td>
									<td>Nov 1999</td>
									<td>Completed</td>
									<td>N/A</td>
								</tr>
								<tr>
									<td>
										<content ID="immi2" />
										Influenza, seasonal, IM
									</td>
									<td>Dec 1998</td>
									<td>Completed</td>
									<td>N/A</td>
								</tr>
								<tr>
									<td>
										<content ID="immi3" />
										Pneumococcal polysaccharide vaccine, IM
									</td>
									<td>Dec 1998</td>
									<td>Completed</td>
									<td>N/A</td>
								</tr>
								<tr>
									<td>
										<content ID="immi4" />
										Tetanus and diphtheria toxoids, IM
									</td>
									<td>1997</td>
									<td>Refused</td>
									<td>N/A</td>
								</tr>
								<tr>
									<td>Hepatitis B</td>
									<td>Aug 1, 2013</td>
									<td>Completed</td>
									<td>3rd</td>
								</tr>
							</tbody>
						</table>
					</text>
					<entry typeCode="DRIV">
						<substanceAdministration classCode="SBADM"
							moodCode="EVN" negationInd="false">
							<templateId extension="2015-08-01"
								root="2.16.840.1.113883.10.20.22.4.52" />
							<templateId root="2.16.840.1.113883.10.20.22.4.52" />
							<id root="e6f1ba43-c0ed-4b9b-9f12-f435d8ad8f92" />
							<text>Influenza, seasonal, IM</text>
							<statusCode code="completed" />
							<effectiveTime value="199911" />
							<routeCode code="C28161"
								codeSystem="2.16.840.1.113883.3.26.1.1"
								codeSystemName="National Cancer Institute (NCI) Thesaurus"
								displayName="Intramuscular injection" />
							<doseQuantity unit="ug" value="50.0" />
							<consumable>
								<manufacturedProduct classCode="MANU">
									<templateId extension="2014-06-09"
										root="2.16.840.1.113883.10.20.22.4.54" />
									<templateId root="2.16.840.1.113883.10.20.22.4.54" />
									<manufacturedMaterial>
										<code code="88" codeSystem="2.16.840.1.113883.6.59"
											codeSystemName="CVX" displayName="Influenza virus vaccine" />
										<lotNumberText>1</lotNumberText>
									</manufacturedMaterial>
									<manufacturerOrganization>
										<name>Health LS - Immuno Inc.</name>
									</manufacturerOrganization>
								</manufacturedProduct>
							</consumable>
							<performer>
								<assignedEntity>
									<id extension="2981824"
										root="2.16.840.1.113883.19.5.9999.456" />
									<addr>
										<streetAddressLine>1007 Health Drive</streetAddressLine>
										<city>Portland</city>
										<state>OR</state>
										<postalCode>99123</postalCode>
										<country>US</country>
									</addr>
									<telecom use="WP" value="tel: +1(555)555-1030" />
									<assignedPerson>
										<name>
											<given>Harold</given>
											<family>Hippocrates</family>
										</name>
									</assignedPerson>
									<representedOrganization>
										<id root="2.16.840.1.113883.19.5.9999.1394" />
										<name>Good Health Clinic</name>
										<telecom use="WP" value="tel: +1(555)555-1030" />
										<addr>
											<streetAddressLine>1007 Health Drive</streetAddressLine>
											<city>Portland</city>
											<state>OR</state>
											<postalCode>99123</postalCode>
											<country>US</country>
										</addr>
									</representedOrganization>
								</assignedEntity>
							</performer>
							<entryRelationship inversionInd="false"
								typeCode="SUBJ">
								<act classCode="ACT" moodCode="INT">
									<templateId extension="2014-06-09"
										root="2.16.840.1.113883.10.20.22.4.20" />
									<templateId root="2.16.840.1.113883.10.20.22.4.20" />
									<code code="171044003" codeSystem="2.16.840.1.113883.6.96"
										codeSystemName="SNOMED CT"
										displayName="immunization education" />
									<text>
										Possible flu-like symptoms for three days.
										<reference value="#immunSect" />
									</text>
									<statusCode code="completed" />
								</act>
							</entryRelationship>
						</substanceAdministration>
					</entry>
					<entry typeCode="DRIV">
						<substanceAdministration classCode="SBADM"
							moodCode="EVN" negationInd="true">
							<templateId extension="2015-08-01"
								root="2.16.840.1.113883.10.20.22.4.52" />
							<templateId root="2.16.840.1.113883.10.20.22.4.52" />
							<id root="e6f1ba43-c0ed-4b9b-9f12-f435d8ad8f92" />
							<text>

								<reference value="#immun2" />
							</text>
							<statusCode code="completed" />
							<effectiveTime value="19981215" />
							<routeCode code="C28161"
								codeSystem="2.16.840.1.113883.3.26.1.1"
								codeSystemName="National Cancer Institute (NCI) Thesaurus"
								displayName="Intramuscular injection" />
							<doseQuantity unit="ug" value="50.0" />
							<consumable>
								<manufacturedProduct classCode="MANU">
									<templateId extension="2014-06-09"
										root="2.16.840.1.113883.10.20.22.4.54" />
									<templateId root="2.16.840.1.113883.10.20.22.4.54" />
									<manufacturedMaterial>
										<code code="88" codeSystem="2.16.840.1.113883.6.59"
											codeSystemName="CVX" displayName="Influenza virus vaccine" />
										<lotNumberText>1</lotNumberText>
									</manufacturedMaterial>
									<manufacturerOrganization>
										<name>Health LS - Immuno Inc.</name>
									</manufacturerOrganization>
								</manufacturedProduct>
							</consumable>
							<performer>
								<assignedEntity>
									<id extension="2981824"
										root="2.16.840.1.113883.19.5.9999.456" />
									<addr>
										<streetAddressLine>1007 Health Drive</streetAddressLine>
										<city>Portland</city>
										<state>OR</state>
										<postalCode>99123</postalCode>
										<country>US</country>
									</addr>
									<telecom use="WP" value="tel: +1(555)555-1030" />
									<assignedPerson>
										<name>
											<given>Harold</given>
											<family>Hippocrates</family>
										</name>
									</assignedPerson>
									<representedOrganization>
										<id root="2.16.840.1.113883.19.5.9999.1394" />
										<name>Good Health Clinic</name>
										<telecom use="WP" value="tel: +1(555)555-1030" />
										<addr>
											<streetAddressLine>1007 Health Drive</streetAddressLine>
											<city>Portland</city>
											<state>OR</state>
											<postalCode>99123</postalCode>
											<country>US</country>
										</addr>
									</representedOrganization>
								</assignedEntity>
							</performer>
							<entryRelationship inversionInd="true"
								typeCode="SUBJ">
								<act classCode="ACT" moodCode="INT">
									<templateId extension="2014-06-09"
										root="2.16.840.1.113883.10.20.22.4.20" />
									<templateId root="2.16.840.1.113883.10.20.22.4.20" />
									<code code="171044003" codeSystem="2.16.840.1.113883.6.96"
										codeSystemName="SNOMED CT"
										displayName="immunization education" />
									<text>
										Possible flu-like symptoms for three days.
										<reference value="#immunSect" />
									</text>
									<statusCode code="completed" />
								</act>
							</entryRelationship>
						</substanceAdministration>
					</entry>
					<entry typeCode="DRIV">
						<substanceAdministration classCode="SBADM"
							moodCode="EVN" negationInd="false">
							<templateId extension="2015-08-01"
								root="2.16.840.1.113883.10.20.22.4.52" />
							<templateId root="2.16.840.1.113883.10.20.22.4.52" />
							<id root="e6f1ba43-c0ed-4b9b-9f12-f435d8ad8f92" />
							<text>

								<reference value="#immun3" />
							</text>
							<statusCode code="completed" />
							<effectiveTime value="19981215" />
							<routeCode code="C28161"
								codeSystem="2.16.840.1.113883.3.26.1.1"
								codeSystemName="National Cancer Institute (NCI) Thesaurus"
								displayName="Intramuscular injection" />
							<doseQuantity unit="ug" value="50.0" />
							<consumable>
								<manufacturedProduct classCode="MANU">
									<templateId extension="2014-06-09"
										root="2.16.840.1.113883.10.20.22.4.54" />
									<templateId root="2.16.840.1.113883.10.20.22.4.54" />
									<manufacturedMaterial>
										<code code="33" codeSystem="2.16.840.1.113883.6.59"
											codeSystemName="CVX"
											displayName="Pneumococcal polysaccharide vaccine" />
										<lotNumberText>1</lotNumberText>
									</manufacturedMaterial>
									<manufacturerOrganization>
										<name>Health LS - Immuno Inc.</name>
									</manufacturerOrganization>
								</manufacturedProduct>
							</consumable>
							<performer>
								<assignedEntity>
									<id extension="2981824"
										root="2.16.840.1.113883.19.5.9999.456" />
									<addr>
										<streetAddressLine>1007 Health Drive</streetAddressLine>
										<city>Portland</city>
										<state>OR</state>
										<postalCode>99123</postalCode>
										<country>US</country>
									</addr>
									<telecom use="WP" value="tel: +1(555)555-1030" />
									<assignedPerson>
										<name>
											<given>Harold</given>
											<family>Hippocrates</family>
										</name>
									</assignedPerson>
									<representedOrganization>
										<id root="2.16.840.1.113883.19.5.9999.1394" />
										<name>Good Health Clinic</name>
										<telecom use="WP" value="tel: +1(555)555-1030" />
										<addr>
											<streetAddressLine>1007 Health Drive</streetAddressLine>
											<city>Portland</city>
											<state>OR</state>
											<postalCode>99123</postalCode>
											<country>US</country>
										</addr>
									</representedOrganization>
								</assignedEntity>
							</performer>
						</substanceAdministration>
					</entry>
					<entry typeCode="DRIV">
						<substanceAdministration classCode="SBADM"
							moodCode="EVN" negationInd="true">
							<templateId extension="2015-08-01"
								root="2.16.840.1.113883.10.20.22.4.52" />
							<templateId root="2.16.840.1.113883.10.20.22.4.52" />
							<id root="e6f1ba43-c0ed-4b9b-9f12-f435d8ad8f92" />
							<text>

								<reference value="#immun4" />
							</text>
							<statusCode code="completed" />
							<effectiveTime value="19981215" />
							<routeCode code="C28161"
								codeSystem="2.16.840.1.113883.3.26.1.1"
								codeSystemName="National Cancer Institute (NCI) Thesaurus"
								displayName="Intramuscular injection" />
							<doseQuantity unit="ug" value="50.0" />
							<consumable>
								<manufacturedProduct classCode="MANU">
									<templateId extension="2014-06-09"
										root="2.16.840.1.113883.10.20.22.4.54" />
									<templateId root="2.16.840.1.113883.10.20.22.4.54" />
									<manufacturedMaterial>
										<code code="103" codeSystem="2.16.840.1.113883.6.59"
											codeSystemName="CVX"
											displayName="Tetanus and diphtheria toxoids - preservative free" />
										<lotNumberText>1</lotNumberText>
									</manufacturedMaterial>
									<manufacturerOrganization>
										<name>Health LS - Immuno Inc.</name>
									</manufacturerOrganization>
								</manufacturedProduct>
							</consumable>
							<performer>
								<assignedEntity>
									<id extension="2981824"
										root="2.16.840.1.113883.19.5.9999.456" />
									<addr>
										<streetAddressLine>1007 Health Drive</streetAddressLine>
										<city>Portland</city>
										<state>OR</state>
										<postalCode>99123</postalCode>
										<country>US</country>
									</addr>
									<telecom use="WP" value="tel: +1(555)555-1030" />
									<assignedPerson>
										<name>
											<given>Harold</given>
											<family>Hippocrates</family>
										</name>
									</assignedPerson>
									<representedOrganization>
										<id root="2.16.840.1.113883.19.5.9999.1394" />
										<name>Good Health Clinic</name>
										<telecom use="WP" value="tel: +1(555)555-1030" />
										<addr nullFlavor="UNK" />
									</representedOrganization>
								</assignedEntity>
							</performer>
							<entryRelationship typeCode="RSON">
								<observation classCode="OBS" moodCode="EVN">
									<templateId root="2.16.840.1.113883.10.20.22.4.53" />
									<id root="2a620155-9d11-439e-92b3-5d9815ff4dd8" />
									<code code="PATOBJ" codeSystem="2.16.840.1.113883.5.8"
										codeSystemName="HL7 ActNoImmunizationReason"
										displayName="Patient Objection" />
									<statusCode code="completed" />
								</observation>
							</entryRelationship>
						</substanceAdministration>
					</entry>
					<entry typeCode="DRIV">
						<substanceAdministration classCode="SBADM"
							moodCode="EVN" negationInd="false">
							<templateId extension="2015-08-01"
								root="2.16.840.1.113883.10.20.22.4.52" />
							<templateId root="2.16.840.1.113883.10.20.22.4.52" />
							<id root="de10790f-1496-4719-8fe6-f1b87b6219f7" />
							<statusCode code="completed" />
							<effectiveTime value="20130801" />
							<routeCode code="C28161"
								codeSystem="2.16.840.1.113883.3.26.1.1"
								codeSystemName="National Cancer Institute (NCI) Thesaurus"
								displayName="Intramuscular injection" />
							<consumable>
								<manufacturedProduct classCode="MANU">
									<templateId extension="2014-06-09"
										root="2.16.840.1.113883.10.20.22.4.54" />
									<templateId root="2.16.840.1.113883.10.20.22.4.54" />
									<manufacturedMaterial>
										<code code="45" codeSystem="2.16.840.1.113883.6.59"
											codeSystemName="CVX" displayName="Hepatitis B vaccine" />
										<lotNumberText>1</lotNumberText>
									</manufacturedMaterial>
								</manufacturedProduct>
							</consumable>
							<performer>
								<assignedEntity>
									<id extension="2981824"
										root="2.16.840.1.113883.19.5.9999.456" />
									<addr>
										<streetAddressLine>1007 Health Drive</streetAddressLine>
										<city>Portland</city>
										<state>OR</state>
										<postalCode>99123</postalCode>
										<country>US</country>
									</addr>
									<telecom use="WP" value="tel: +1(555)555-1030" />
									<assignedPerson>
										<name>
											<given>Harold</given>
											<family>Hippocrates</family>
										</name>
									</assignedPerson>
									<representedOrganization>
										<id root="2.16.840.1.113883.19.5.9999.1394" />
										<name>Good Health Clinic</name>
										<telecom use="WP" value="tel: +1(555)555-1030" />
										<addr>
											<streetAddressLine>1007 Health Drive</streetAddressLine>
											<city>Portland</city>
											<state>OR</state>
											<postalCode>99123</postalCode>
											<country>US</country>
										</addr>
									</representedOrganization>
								</assignedEntity>
							</performer>
							<entryRelationship inversionInd="true"
								typeCode="COMP">
								<sequenceNumber value="3" />
								<act classCode="ACT" moodCode="EVN">
									<templateId root="2.16.840.1.113883.10.20.22.4.118" />
									<id root="3f998a26-1b8b-4cbf-8e91-16fbb7a7080f" />
									<code code="416118004" codeSystem="2.16.840.1.113883.6.96"
										codeSystemName="SNOMED CT" displayName="administration" />
									<statusCode code="completed" />
								</act>
							</entryRelationship>
						</substanceAdministration>
					</entry>
				</section>
			</component>
				
			
			
			<component>
				<section>
					<templateId extension="2015-08-01"
						root="2.16.840.1.113883.10.20.22.2.5.1" />
					<templateId root="2.16.840.1.113883.10.20.22.2.5.1" />
					<code code="11450-4" codeSystem="2.16.840.1.113883.6.1"
						codeSystemName="LOINC" displayName="PROBLEM LIST" />
					<title>PROBLEMS</title>
					<text>
						<paragraph>Active Concerns</paragraph>
						<list>
							<item>
								Problem #1
								<list>
									<item>Pneumonia (onset July 3, 2013; resolution Aug 14, 2013)
										[authored Aug 14, 2013]</item>
								</list>
							</item>
							<item>
								Problem #2
								<list>
									<item>Chest pain (onset Apr 14, 2007) [authored Apr 14, 2007]
									</item>
									<item>Angina (onset Apr 17, 2007) [authored Apr 17, 2007]
									</item>
								</list>
							</item>
						</list>
						<paragraph>Resolved Concerns</paragraph>
						<list>
							<item>
								Problem #3
								<list>
									<item>Pneumonia - Left lower lobe (onset Mar 10, 1998;
										resolution Mar 16, 1998) [authored Mar 16,
										1998]
									</item>
								</list>
							</item>
						</list>
					</text>
					<entry typeCode="DRIV">
						<act classCode="ACT" moodCode="EVN">
							<templateId extension="2015-08-01"
								root="2.16.840.1.113883.10.20.22.4.3" />
							<templateId root="2.16.840.1.113883.10.20.22.4.3" />
							<id root="ec8a6ff8-ed4b-4f7e-82c3-e98e58b45de7" />
							<code code="CONC" codeSystem="2.16.840.1.113883.5.6"
								displayName="Concern" />
							<statusCode code="active" />
							<effectiveTime>
								<low value="201307061145-0800" />
							</effectiveTime>
							<author typeCode="AUT">
								<templateId root="2.16.840.1.113883.10.20.22.4.119" />
								<time value="201307061145-0800" />
								<assignedAuthor>
									<id extension="555555555" root="2.16.840.1.113883.4.6" />
									<code code="207QA0505X"
										codeSystem="2.16.840.1.113883.6.101"
										codeSystemName="Healthcare Provider Taxonomy (HIPAA)"
										displayName="Adult Medicine" />
								</assignedAuthor>
							</author>
							<entryRelationship typeCode="SUBJ">
								<observation classCode="OBS" moodCode="EVN">
									<templateId extension="2015-08-01"
										root="2.16.840.1.113883.10.20.22.4.4" />
									<templateId root="2.16.840.1.113883.10.20.22.4.4" />
									<id root="ab1791b0-5c71-11db-b0de-0800200c9a66" />
									<code code="64572001" codeSystem="2.16.840.1.113883.6.96"
										codeSystemName="SNOMED-CT" displayName="Condition">
										<translation nullFlavor="NI" />
									</code>
									<statusCode code="completed" />
									<effectiveTime>
										<low value="20130703" />
										<high value="20080814" />
									</effectiveTime>
									<value
										xmlns:xsi="http://www.w3.org/2001/XMLSchema-instance"
										xsi:type="CD" code="233604007"
										codeSystem="2.16.840.1.113883.6.96" displayName="Pneumonia" />
									<author typeCode="AUT">
										<templateId root="2.16.840.1.113883.10.20.22.4.119" />
										<time value="200808141030-0800" />
										<assignedAuthor>
											<id extension="555555555" root="2.16.840.1.113883.4.6" />
											<code code="207QA0505X"
												codeSystem="2.16.840.1.113883.6.101"
												codeSystemName="Healthcare Provider Taxonomy (HIPAA)"
												displayName="Adult Medicine" />
										</assignedAuthor>
									</author>
								</observation>
							</entryRelationship>
						</act>
					</entry>
					<entry typeCode="DRIV">
						<act classCode="ACT" moodCode="EVN">
							<templateId extension="2015-08-01"
								root="2.16.840.1.113883.10.20.22.4.3" />
							<templateId root="2.16.840.1.113883.10.20.22.4.3" />
							<id root="682f6be1-0793-42f4-904b-e199e6e8e457" />
							<code code="CONC" codeSystem="2.16.840.1.113883.5.6"
								displayName="Concern" />
							<statusCode code="active" />
							<effectiveTime>
								<low value="200704141515-0800" />
							</effectiveTime>
							<author typeCode="AUT">
								<templateId root="2.16.840.1.113883.10.20.22.4.119" />
								<time value="200704141515-0800" />
								<assignedAuthor>
									<id extension="555555555" root="2.16.840.1.113883.4.6" />
									<code code="207QA0505X"
										codeSystem="2.16.840.1.113883.6.101"
										codeSystemName="Healthcare Provider Taxonomy (HIPAA)"
										displayName="Adult Medicine" />
								</assignedAuthor>
							</author>
							<entryRelationship typeCode="SUBJ">
								<observation classCode="OBS" moodCode="EVN">
									<templateId extension="2015-08-01"
										root="2.16.840.1.113883.10.20.22.4.4" />
									<templateId root="2.16.840.1.113883.10.20.22.4.4" />
									<id root="11d088a8-b957-401c-8ee0-3bd20a772fc0" />
									<code code="64572001" codeSystem="2.16.840.1.113883.6.96"
										codeSystemName="SNOMED-CT" displayName="Condition">
										<translation nullFlavor="NI" />
									</code>
									<statusCode code="completed" />
									<effectiveTime>
										<low value="20070414" />
									</effectiveTime>
									<value
										xmlns:xsi="http://www.w3.org/2001/XMLSchema-instance"
										xsi:type="CD" code="29857009"
										codeSystem="2.16.840.1.113883.6.96" displayName="Chest pain" />
									<author typeCode="AUT">
										<templateId root="2.16.840.1.113883.10.20.22.4.119" />
										<time value="200704141515-0800" />
										<assignedAuthor>
											<id extension="555555555" root="2.16.840.1.113883.4.6" />
											<code code="207QA0505X"
												codeSystem="2.16.840.1.113883.6.101"
												codeSystemName="Healthcare Provider Taxonomy (HIPAA)"
												displayName="Adult Medicine" />
										</assignedAuthor>
									</author>
								</observation>
							</entryRelationship>
							<entryRelationship typeCode="SUBJ">
								<observation classCode="OBS" moodCode="EVN">
									<templateId extension="2015-08-01"
										root="2.16.840.1.113883.10.20.22.4.4" />
									<templateId root="2.16.840.1.113883.10.20.22.4.4" />
									<id root="4991db40-4c4f-41e8-9146-50c12d716424" />
									<code code="64572001" codeSystem="2.16.840.1.113883.6.96"
										codeSystemName="SNOMED-CT" displayName="Condition">
										<translation nullFlavor="NI" />
									</code>
									<statusCode code="completed" />
									<effectiveTime>
										<low value="20070417" />
									</effectiveTime>
									<value
										xmlns:xsi="http://www.w3.org/2001/XMLSchema-instance"
										xsi:type="CD" code="194828000"
										codeSystem="2.16.840.1.113883.6.96" displayName="Angina" />
									<author typeCode="AUT">
										<templateId root="2.16.840.1.113883.10.20.22.4.119" />
										<time value="200704171515-0800" />
										<assignedAuthor>
											<id extension="222334444" root="2.16.840.1.113883.4.6" />
											<code code="207QA0505X"
												codeSystem="2.16.840.1.113883.6.101"
												codeSystemName="Healthcare Provider Taxonomy (HIPAA)"
												displayName="Adult Medicine" />
										</assignedAuthor>
									</author>
								</observation>
							</entryRelationship>
						</act>
					</entry>
					<entry typeCode="DRIV">
						<act classCode="ACT" moodCode="EVN">
							<templateId extension="2015-08-01"
								root="2.16.840.1.113883.10.20.22.4.3" />
							<templateId root="2.16.840.1.113883.10.20.22.4.3" />
							<id root="b5159d48-04aa-4927-b355-00d1dcb7158c" />
							<code code="CONC" codeSystem="2.16.840.1.113883.5.6"
								displayName="Concern" />
							<statusCode code="completed" />
							<effectiveTime>
								<low value="199803101030-0800" />
								<high value="199805041145-0800" />
							</effectiveTime>
							<author typeCode="AUT">
								<templateId root="2.16.840.1.113883.10.20.22.4.119" />
								<time value="199803161030-0800" />
								<assignedAuthor>
									<id extension="555555555" root="2.16.840.1.113883.4.6" />
									<code code="207QA0505X"
										codeSystem="2.16.840.1.113883.6.101"
										codeSystemName="Healthcare Provider Taxonomy (HIPAA)"
										displayName="Adult Medicine" />
								</assignedAuthor>
							</author>
							<entryRelationship typeCode="SUBJ">
								<observation classCode="OBS" moodCode="EVN">
									<templateId extension="2015-08-01"
										root="2.16.840.1.113883.10.20.22.4.4" />
									<templateId root="2.16.840.1.113883.10.20.22.4.4" />
									<id root="10506b4d-c30a-4220-8bec-97bff9568fd1" />
									<code code="64572001" codeSystem="2.16.840.1.113883.6.96"
										codeSystemName="SNOMED-CT" displayName="Condition">
										<translation nullFlavor="NI" />
									</code>
									<statusCode code="completed" />
									<effectiveTime>
										<low value="19980310" />
										<high value="19980316" />
									</effectiveTime>
									<value
										xmlns:xsi="http://www.w3.org/2001/XMLSchema-instance"
										xsi:type="CD" code="233604007"
										codeSystem="2.16.840.1.113883.6.96" displayName="Pneumonia">
										<qualifier>
											<name code="363698007" displayName="Finding site" />
											<value code="41224006"
												displayName="Left lower lobe of lung" />
										</qualifier>
									</value>
									<author typeCode="AUT">
										<templateId root="2.16.840.1.113883.10.20.22.4.119" />
										<time value="199803161030-0800" />
										<assignedAuthor>
											<id extension="555555555" root="2.16.840.1.113883.4.6" />
											<code code="207QA0505X"
												codeSystem="2.16.840.1.113883.6.101"
												codeSystemName="Healthcare Provider Taxonomy (HIPAA)"
												displayName="Adult Medicine" />
										</assignedAuthor>
									</author>
								</observation>
							</entryRelationship>
						</act>
					</entry>
				</section>
			</component>
			<component>
				<section>
					<templateId extension="2014-06-09"
						root="2.16.840.1.113883.10.20.22.2.7.1" />
					<templateId root="2.16.840.1.113883.10.20.22.2.7.1" />
					<code code="47519-4" codeSystem="2.16.840.1.113883.6.1"
						codeSystemName="LOINC" displayName="HISTORY OF PROCEDURES" />
					<title>PROCEDURES</title>
					<text>
						<table border="1" width="100%">
							<thead>
								<tr>
									<th>Procedure</th>
									<th>Date</th>
								</tr>
							</thead>
							<tbody>
								<tr>
									<td ID="Proc1">Colonic polypectomy</td>
									<td>1998</td>
								</tr>
							</tbody>
						</table>
					</text>
					<entry typeCode="DRIV">
						<procedure classCode="PROC" moodCode="EVN">
							<templateId extension="2014-06-09"
								root="2.16.840.1.113883.10.20.22.4.14" />
							<templateId root="2.16.840.1.113883.10.20.22.4.14" />
							<id root="d68b7e32-7810-4f5b-9cc2-acd54b0fd85d" />
							<code code="73761001" codeSystem="2.16.840.1.113883.6.96"
								codeSystemName="SNOMED CT" displayName="Colonoscopy">
								<originalText>

									<reference value="#Proc1" />
								</originalText>
							</code>
							<statusCode code="completed" />
							<effectiveTime value="20120512" />
							<methodCode nullFlavor="UNK" />
							<targetSiteCode code="appropriate_code"
								codeSystem="2.16.840.1.113883.3.88.12.3221.8.9"
								codeSystemName="Body Site Value Set" displayName="colon" />
							<specimen typeCode="SPC">
								<specimenRole classCode="SPEC">
									<id root="c2ee9ee9-ae31-4628-a919-fec1cbb58683" />
									<specimenPlayingEntity>
										<code code="309226005"
											codeSystem="2.16.840.1.113883.6.96"
											codeSystemName="SNOMED CT" displayName="colonic polyp sample" />
									</specimenPlayingEntity>
								</specimenRole>
							</specimen>
							<performer>
								<assignedEntity>
									<id extension="2981823"
										root="2.16.840.1.113883.19.5.9999.456" />
									<addr>
										<streetAddressLine>1001 Village Avenue</streetAddressLine>
										<city>Portland</city>
										<state>OR</state>
										<postalCode>99123</postalCode>
										<country>US</country>
									</addr>
									<telecom use="WP" value="+1(555)555-5000" />
									<representedOrganization
										classCode="ORG">
										<id root="2.16.840.1.113883.19.5.9999.1393" />
										<name>Community Health and Hospitals</name>
										<telecom use="WP" value="+1(555)555-5000" />
										<addr>
											<streetAddressLine>1001 Village Avenue</streetAddressLine>
											<city>Portland</city>
											<state>OR</state>
											<postalCode>99123</postalCode>
											<country>US</country>
										</addr>
									</representedOrganization>
								</assignedEntity>
							</performer>
							<participant typeCode="DEV">
								<participantRole classCode="MANU">
									<templateId root="2.16.840.1.113883.10.20.22.4.37" />
									<id root="742aee30-21c5-11e1-bfc2-0800200c9a66" />
									<playingDevice>
										<code code="90412006" codeSystem="2.16.840.1.113883.6.96"
											codeSystemName="SNOMED CT" displayName="Colonoscope" />
									</playingDevice>
									<scopingEntity>
										<id root="eb936010-7b17-11db-9fe1-0800200c9b65" />
									</scopingEntity>
								</participantRole>
							</participant>
						</procedure>
					</entry>
					<entry>
						<observation classCode="OBS" moodCode="EVN">
							<templateId extension="2014-06-09"
								root="2.16.840.1.113883.10.20.22.4.13" />
							<templateId root="2.16.840.1.113883.10.20.22.4.13" />
							<id extension="123456789" root="2.16.840.1.113883.19" />
							<code code="274025005" codeSystem="2.16.840.1.113883.6.96"
								codeSystemName="SNOMED CT" displayName="Colonic polypectomy">
								<originalText>

									<reference value="#Proc1" />
								</originalText>
							</code>
							<statusCode code="aborted" />
							<effectiveTime value="20110203" />
							<priorityCode code="CR"
								codeSystem="2.16.840.1.113883.5.7" codeSystemName="ActPriority"
								displayName="Callback results" />
							<value
								xmlns:xsi="http://www.w3.org/2001/XMLSchema-instance"
								xsi:type="CD" />
							<methodCode nullFlavor="UNK" />
							<targetSiteCode code="416949008"
								codeSystem="2.16.840.1.113883.6.96" codeSystemName="SNOMED CT"
								displayName="Abdomen and pelvis" />
							<performer>
								<assignedEntity>
									<id extension="1234" root="2.16.840.1.113883.19.5" />
									<addr>
										<streetAddressLine>1001 Village Avenue</streetAddressLine>
										<city>Portland</city>
										<state>OR</state>
										<postalCode>99123</postalCode>
										<country>US</country>
									</addr>
									<telecom use="WP" value="tel: +1(555)555-5000" />
									<representedOrganization>
										<id root="2.16.840.1.113883.19.5" />
										<name>Community Health and Hospitals</name>
										<telecom use="WP" value="tel: +1(555)555-5000" />
										<addr>
											<streetAddressLine>1001 Village Avenue</streetAddressLine>
											<city>Portland</city>
											<state>OR</state>
											<postalCode>99123</postalCode>
											<country>US</country>
										</addr>
									</representedOrganization>
								</assignedEntity>
							</performer>
							<participant typeCode="LOC">
								<participantRole classCode="SDLOC">
									<templateId root="2.16.840.1.113883.10.20.22.4.32" />
									<code code="1118-9" codeSystem="2.16.840.1.113883.6.259"
										codeSystemName="HL7 HealthcareServiceLocation"
										displayName="Gastroenterology Clinic" />
									<addr>
										<streetAddressLine>1009 Health Drive</streetAddressLine>
										<city>Portland</city>
										<state>OR</state>
										<postalCode>99123</postalCode>
										<country>US</country>
									</addr>
									<telecom use="WP" value="tel: +1(555)555-5009" />
									<playingEntity classCode="PLC">
										<name>Community Gastroenterology Clinic</name>
									</playingEntity>
								</participantRole>
							</participant>
						</observation>
					</entry>
					<entry>
						<act classCode="ACT" moodCode="EVN">
							<templateId extension="2014-06-09"
								root="2.16.840.1.113883.10.20.22.4.12" />
							<templateId root="2.16.840.1.113883.10.20.22.4.12" />
							<id extension="1234567" root="1.2.3.4.5.6.7.8" />
							<code code="274025005" codeSystem="2.16.840.1.113883.6.96"
								codeSystemName="SNOMED CT" displayName="Colonic polypectomy">
								<originalText>

									<reference value="#Proc1" />
								</originalText>
							</code>
							<statusCode code="completed" />
							<effectiveTime value="20110203" />
							<priorityCode code="CR"
								codeSystem="2.16.840.1.113883.5.7" codeSystemName="ActPriority"
								displayName="Callback results" />
							<performer>
								<assignedEntity>
									<id extension="1234" root="2.16.840.1.113883.19" />
									<addr>
										<streetAddressLine>1001 Village Avenue</streetAddressLine>
										<city>Portland</city>
										<state>OR</state>
										<postalCode>99123</postalCode>
										<country>US</country>
									</addr>
									<telecom use="WP" value="tel: +1(555)555-5000" />
									<representedOrganization>
										<id root="2.16.840.1.113883.19.5" />
										<name>Community Health and Hospitals</name>
										<telecom use="WP" value="tel: +1(555)555-5000" />
										<addr>
											<streetAddressLine>1001 Village Avenue</streetAddressLine>
											<city>Portland</city>
											<state>OR</state>
											<postalCode>99123</postalCode>
											<country>US</country>
										</addr>
									</representedOrganization>
								</assignedEntity>
							</performer>
							<participant typeCode="LOC">
								<participantRole classCode="SDLOC">
									<templateId root="2.16.840.1.113883.10.20.22.4.32" />
									<code code="1118-9" codeSystem="2.16.840.1.113883.6.259"
										codeSystemName="HL7 HealthcareServiceLocation"
										displayName="Gastroenterology Clinic" />
									<addr>
										<streetAddressLine>1009 Health Drive</streetAddressLine>
										<city>Portland</city>
										<state>OR</state>
										<postalCode>99123</postalCode>
										<country>US</country>
									</addr>
									<telecom use="WP" value="tel: +1(555)-555-5009" />
									<playingEntity classCode="PLC">
										<name>Community Gastroenterology Clinic</name>
									</playingEntity>
								</participantRole>
							</participant>
						</act>
					</entry>
				</section>
			</component>
			
			
		</structuredBody>
	</component>
</ClinicalDocument>